id	category	title	abstract
N0	1	[377, 413, 4693, 206, 414, 0, 377, 381, 141, 17555, 16765, 169, 56, 13730, 517, 5, 27440, 13132, 274, 1207]	[377, 400, 60952, 0, 179, 117, 1, 32710, 5, 0, 194, 514, 47638, 141, 748, 169, 56, 13730, 517, 5, 17630, 9678, 31579, 2661, 2695, 5, 8, 14879, 2832, 31193, 1207, 1, 517, 798, 0, 4223, 517, 798, 22, 398, 179, 5, 377, 381, 194, 514, 10781, 1, 8316, 42, 0, 2209, 1336, 64, 1, 7573, 2026, 142, 381, 381, 381, 0, 0, 0, 0, 0, 0, 0, 0, 0, 0, 0, 0, 0, 0, 0, 0, 0, 0, 0, 0, 0, 0, 0, 0, 0, 0, 0, 0, 0, 0, 0, 0, 0, 0, 0, 0, 0, 0, 0]
N1	1	[377, 1890, 4667, 377, 381, 20198, 42, 303, 37886, 47, 1, 4117, 3696, 5, 2880, 42, 2455, 2848, 7199, 381]	[377, 9708, 0, 872, 0, 29259, 32, 15, 640, 10084, 4763, 1087, 22, 377, 377, 0, 381, 381, 224, 56, 2502, 0, 2502, 2502, 26, 56, 12704, 9851, 2769, 22, 381, 0, 0, 0, 0, 0, 0, 0, 0, 0, 0, 0, 0, 0, 0, 0, 0, 0, 0, 0, 0, 0, 0, 0, 0, 0, 0, 0, 0, 0, 0, 0, 0, 0, 0, 0, 0, 0, 0, 0, 0, 0, 0, 0, 0, 0, 0, 0, 0, 0, 0, 0, 0, 0, 0, 0, 0, 0, 0, 0, 0, 0, 0, 0, 0, 0, 0, 0, 0, 0]
N2	1	[377, 0, 20684, 377, 381, 79, 759, 230, 4431, 64, 1, 0, 352, 238, 2273, 64, 229, 76, 1, 0]	[3687, 2296, 2297, 20684, 0, 179, 398, 66, 230, 4431, 64, 1, 0, 352, 47, 32882, 64, 63, 531, 44, 298, 32486, 176, 8, 0, 1494, 3079, 22, 63, 531, 44, 0, 336, 32, 303, 33952, 1, 928, 8, 11850, 15081, 42, 1612, 352, 103, 64, 1, 24546, 3354, 24064, 22, 0, 0, 0, 0, 0, 0, 0, 0, 0, 0, 0, 0, 0, 0, 0, 0, 0, 0, 0, 0, 0, 0, 0, 0, 0, 0, 0, 0, 0, 0, 0, 0, 0, 0, 0, 0, 0, 0, 0, 0, 0, 0, 0, 0, 0, 0, 0, 0, 0]
N3	1	[377, 4756, 0, 5, 55120, 3837, 26, 281, 531, 47, 3074, 238, 377, 381, 2109, 42, 2118, 3533, 381, 381]	[377, 15028, 4756, 0, 5, 1, 15028, 42, 1, 732, 1580, 42, 4667, 5, 179, 5, 0, 79, 514, 2109, 56, 2118, 3533, 132, 1, 27503, 8, 13658, 14921, 381, 381, 15028, 4756, 514, 960, 67, 55120, 1033, 47, 61, 42, 1, 3882, 11159, 42, 1, 2118, 6462, 37, 32670, 2293, 117, 133, 174, 22, 398, 23953, 5063, 19613, 6362, 2856, 65, 169, 0, 13410, 351, 8, 2266, 807, 8369, 22, 381, 0, 0, 0, 0, 0, 0, 0, 0, 0, 0, 0, 0, 0, 0, 0, 0, 0, 0, 0, 0, 0, 0, 0, 0, 0, 0, 0, 0]
N4	1	[54967, 11150, 4695, 42, 3157, 2596, 76, 0, 351, 5, 594, 44, 3307, 10698, 3354, 0, 0, 0, 0, 0]	[2552, 11149, 11150, 3157, 4695, 1105, 0, 5, 332, 224, 4327, 42, 50768, 5, 224, 60, 56, 30687, 47, 807, 3307, 22, 67, 51317, 42, 1, 11819, 236, 3307, 26, 2552, 2369, 1105, 514, 121, 1143, 60, 1, 2455, 680, 47, 0, 5, 14575, 117, 1, 739, 42, 1, 5621, 22, 0, 0, 0, 0, 0, 0, 0, 0, 0, 0, 0, 0, 0, 0, 0, 0, 0, 0, 0, 0, 0, 0, 0, 0, 0, 0, 0, 0, 0, 0, 0, 0, 0, 0, 0, 0, 0, 0, 0, 0, 0, 0, 0, 0, 0, 0, 0, 0, 0]
N5	1	[1890, 4667, 2171, 31087, 23198, 238, 11755, 64, 1, 0, 1120, 7199, 413, 0, 13647, 206, 414, 0, 0, 0]	[1890, 4667, 334, 379, 44216, 31087, 8049, 1069, 1, 1891, 10388, 426, 846, 22, 84, 224, 34098, 169, 56, 8130, 132, 1, 18090, 42, 1, 4790, 54926, 42, 2304, 5, 0, 5, 47, 1, 1565, 10388, 169, 562, 42, 1, 0, 1120, 7199, 22, 400, 60952, 0, 40455, 55, 67, 4024, 4390, 8, 1505, 20572, 1525, 22, 0, 0, 0, 0, 0, 0, 0, 0, 0, 0, 0, 0, 0, 0, 0, 0, 0, 0, 0, 0, 0, 0, 0, 0, 0, 0, 0, 0, 0, 0, 0, 0, 0, 0, 0, 0, 0, 0, 0, 0, 0, 0, 0]
N6	1	[377, 40682, 0, 5, 4756, 0, 117, 56, 1033, 377, 381, 2938, 2210, 4102, 16657, 3986, 22, 444, 460, 34]	[377, 6719, 2297, 40682, 0, 179, 5, 377, 381, 32, 34, 3837, 132, 1, 3157, 42, 1452, 4102, 127, 79, 229, 19, 550, 460, 1, 166, 514, 31282, 586, 84, 44, 143, 0, 381, 381, 2297, 40682, 1832, 4988, 60, 1, 2118, 6462, 594, 64, 6851, 1, 394, 1525, 42, 1, 2052, 3185, 117, 1494, 8, 619, 22, 381, 0, 0, 0, 0, 0, 0, 0, 0, 0, 0, 0, 0, 0, 0, 0, 0, 0, 0, 0, 0, 0, 0, 0, 0, 0, 0, 0, 0, 0, 0, 0, 0, 0, 0, 0, 0, 0, 0, 0, 0, 0]
N7	1	[377, 60952, 0, 5, 47, 1, 3671, 42, 8930, 0, 44, 26201, 5, 377, 381, 84, 66, 7229, 238, 662]	[377, 2481, 8930, 0, 5, 332, 2189, 1, 732, 1580, 5497, 64, 13014, 55, 33, 8, 4904, 56, 1242, 5238, 42, 19030, 10979, 520, 17817, 522, 166, 44, 727, 3372, 3195, 0, 60952, 179, 5, 0, 84, 66, 7229, 5, 0, 8, 0, 1, 732, 1580, 779, 4427, 1, 7720, 42, 56, 8494, 1580, 5, 381, 381, 398, 179, 22, 381, 0, 0, 0, 0, 0, 0, 0, 0, 0, 0, 0, 0, 0, 0, 0, 0, 0, 0, 0, 0, 0, 0, 0, 0, 0, 0, 0, 0, 0, 0, 0, 0, 0, 0, 0, 0, 0, 0, 0]
N8	1	[377, 9053, 45685, 3185, 2205, 5, 377, 381, 194, 599, 4650, 2676, 1, 7740, 42, 2893, 42, 6447, 0, 57999]	[0, 2205, 42, 1, 4667, 9257, 2500, 3735, 8932, 1, 20040, 8, 6858, 7023, 3735, 64, 4650, 2676, 8, 4663, 5564, 502, 454, 0, 2395, 57999, 0, 404, 56, 7740, 42, 2893, 22, 1, 0, 599, 2333, 64, 56, 14521, 4650, 5, 1, 0, 45685, 3185, 2205, 179, 22, 0, 0, 0, 0, 0, 0, 0, 0, 0, 0, 0, 0, 0, 0, 0, 0, 0, 0, 0, 0, 0, 0, 0, 0, 0, 0, 0, 0, 0, 0, 0, 0, 0, 0, 0, 0, 0, 0, 0, 0, 0, 0, 0, 0, 0, 0, 0, 0, 0, 0, 0]
N9	1	[3029, 64, 19796, 1, 19222, 42, 394, 4592, 0, 64, 1, 1841, 0, 0, 0, 0, 0, 0, 0, 0]	[1, 4667, 2455, 6381, 257, 3029, 64, 2101, 1, 19222, 42, 394, 4592, 0, 1841, 1, 11187, 22, 84, 66, 3029, 64, 19796, 1, 19222, 64, 67, 6116, 1113, 840, 1, 15588, 42, 1, 13725, 9818, 704, 640, 1, 2858, 280, 121, 1332, 12866, 22, 1, 2455, 3353, 16, 1, 4319, 880, 842, 121, 23964, 169, 291, 169, 1, 0, 2992, 1197, 351, 1124, 1, 2455, 66, 360, 22, 0, 0, 0, 0, 0, 0, 0, 0, 0, 0, 0, 0, 0, 0, 0, 0, 0, 0, 0, 0, 0, 0, 0, 0, 0, 0, 0, 0, 0, 0, 0]
N10	2	[2118, 2630, 946, 3827, 26, 2001, 9179, 0, 2074, 5456, 5537, 37001, 413, 0, 414, 0, 0, 0, 0, 0]	[2630, 946, 1495, 689, 1, 1062, 2564, 67, 22549, 1091, 26, 5951, 9179, 4862, 22, 1, 4667, 810, 757, 355, 19969, 1, 2118, 744, 2630, 543, 5594, 26, 1, 2565, 134, 42, 862, 6914, 520, 169, 42, 1, 12754, 522, 5, 8, 1, 946, 543, 4198, 11, 0, 1762, 5, 56, 27427, 42, 0, 1762, 37, 1, 2040, 134, 22, 11, 14199, 5, 1, 5456, 42, 2074, 47, 14575, 66, 1, 1763, 60, 0, 1762, 22, 0, 0, 0, 0, 0, 0, 0, 0, 0, 0, 0, 0, 0, 0, 0, 0, 0, 0, 0, 0, 0, 0, 0, 0]
N11	2	[15876, 26513, 24900, 1335, 1762, 117, 1, 206, 42, 56, 3399, 3834, 76, 25932, 0, 413, 1185, 2135, 414, 0]	[15876, 26513, 520, 0, 522, 2135, 543, 24900, 169, 206, 4924, 16, 84, 404, 5797, 56, 3399, 3834, 76, 56, 25932, 19498, 22, 25932, 0, 514, 30703, 9009, 56, 16659, 19812, 0, 26, 1220, 4622, 22, 84, 224, 56, 1197, 64, 262, 18242, 76, 15876, 26513, 47, 9206, 8, 15798, 133, 64, 19374, 10932, 22, 0, 0, 0, 0, 0, 0, 0, 0, 0, 0, 0, 0, 0, 0, 0, 0, 0, 0, 0, 0, 0, 0, 0, 0, 0, 0, 0, 0, 0, 0, 0, 0, 0, 0, 0, 0, 0, 0, 0, 0, 0, 0, 0, 0, 0]
N12	2	[34108, 0, 8337, 5, 1133, 4801, 3735, 6914, 9807, 28581, 13599, 16794, 351, 22180, 0, 0, 0, 0, 0, 0]	[34108, 0, 8337, 301, 117, 1, 32710, 16, 84, 257, 138, 7003, 169, 1, 181, 8337, 26, 2960, 9179, 324, 11, 7460, 1, 1763, 14561, 47, 1, 6914, 9807, 28581, 14815, 738, 301, 11, 1, 1133, 4801, 3735, 22, 1, 8337, 7674, 1133, 3813, 2097, 169, 0, 2087, 8, 16958, 2087, 26, 9807, 7706, 6277, 5, 107, 1444, 4494, 0, 0, 349, 5, 1, 7573, 1743, 4778, 9138, 5, 117, 298, 10769, 3453, 22, 0, 0, 0, 0, 0, 0, 0, 0, 0, 0, 0, 0, 0, 0, 0, 0, 0, 0, 0, 0, 0, 0, 0, 0, 0, 0]
N13	2	[25932, 2706, 5984, 41517, 16480, 16481, 3872, 8, 31927, 7141, 0, 0, 0, 0, 0, 0, 0, 0, 0, 0]	[25932, 2706, 7174, 1573, 56, 11690, 18230, 26, 304, 0, 16480, 16481, 3872, 8, 31927, 2444, 351, 37, 0, 22, 1, 0, 224, 43641, 4763, 1087, 8, 1541, 4763, 4613, 5, 8, 257, 56, 62869, 2355, 13340, 16, 1286, 1508, 16141, 4763, 42, 41517, 16480, 16481, 60, 0, 8087, 7483, 191, 768, 22, 1, 31927, 0, 2428, 117, 1, 5113, 562, 42, 1, 38719, 257, 8912, 1, 7971, 64, 7010, 186, 1149, 4244, 520, 0, 522, 42, 16480, 16481, 2505, 531, 64, 1, 19034, 42, 1, 50831, 22, 0, 0, 0, 0, 0, 0, 0, 0, 0, 0, 0, 0]
N14	2	[7616, 2078, 5497, 64, 3824, 44, 4392, 238, 24899, 23834, 9650, 11, 1, 7573, 5238, 47, 2950, 324, 413, 7706]	[7616, 24899, 23834, 11599, 11, 1, 7573, 14648, 47, 502, 2950, 324, 22, 18787, 24899, 23834, 37001, 11, 0, 1762, 5, 8, 14025, 9412, 520, 0, 1762, 522, 8, 2390, 7632, 520, 2508, 1762, 522, 1444, 3436, 2592, 22, 12291, 8, 357, 674, 85, 11, 1, 9650, 47, 951, 946, 22, 7107, 1129, 16, 1, 2546, 7706, 8314, 224, 74, 1222, 67, 7133, 117, 1, 1681, 42, 0, 22, 0, 0, 0, 0, 0, 0, 0, 0, 0, 0, 0, 0, 0, 0, 0, 0, 0, 0, 0, 0, 0, 0, 0, 0, 0, 0, 0, 0, 0, 0, 0]
N15	2	[6804, 44, 7573, 5999, 16892, 389, 607, 117, 1, 5621, 42, 63, 3199, 238, 549, 224, 1, 1320, 64, 970]	[1, 0, 0, 520, 0, 522, 5, 6804, 44, 7573, 525, 16890, 7348, 5, 514, 121, 1143, 47, 18730, 5, 925, 37, 1, 5621, 64, 1, 8972, 42, 63, 3199, 22, 133, 531, 5, 15, 640, 40237, 2689, 47, 1, 11227, 42, 525, 2447, 5, 525, 451, 5, 4852, 5, 20024, 5, 30468, 1979, 2131, 5, 46097, 22, 37, 25447, 572, 329, 1, 1096, 21453, 22, 1, 435, 42, 133, 0, 6914, 224, 0, 351, 5, 8, 56, 0, 8515, 351, 514, 121, 5848, 47, 1, 7348, 4448, 22, 0, 0, 0, 0, 0, 0, 0, 0, 0, 0, 0]
N16	2	[0, 8337, 5, 3916, 38949, 9838, 3488, 0, 970, 98, 0, 1709, 413, 35173, 1979, 1476, 414, 0, 0, 0]	[0, 8337, 301, 117, 1, 32710, 16, 84, 257, 7505, 1, 0, 9333, 520, 86, 11773, 3169, 522, 0, 1709, 64, 1924, 1646, 37, 3916, 38949, 22, 27853, 166, 237, 11840, 1552, 1149, 64, 7134, 86, 0, 1876, 11, 18951, 1, 3488, 37, 1, 19988, 22, 0, 0, 0, 0, 0, 0, 0, 0, 0, 0, 0, 0, 0, 0, 0, 0, 0, 0, 0, 0, 0, 0, 0, 0, 0, 0, 0, 0, 0, 0, 0, 0, 0, 0, 0, 0, 0, 0, 0, 0, 0, 0, 0, 0, 0, 0, 0, 0, 0, 0, 0, 0, 0, 0]
N17	2	[0, 5, 1, 116, 3696, 42, 1, 116, 3696, 42, 1, 8053, 8730, 29943, 0, 238, 0, 49261, 30136, 16143]	[0, 2564, 56, 10981, 1866, 42, 0, 349, 3420, 47, 1, 1817, 1692, 42, 133, 531, 22, 1, 8053, 8730, 10651, 0, 2092, 3420, 5, 10378, 499, 2092, 3420, 47, 1552, 531, 8, 560, 561, 784, 304, 5256, 22, 1, 0, 35384, 224, 1444, 950, 5, 8, 426, 3199, 84, 2564, 56, 4523, 30136, 26, 1, 116, 603, 22, 0, 0, 0, 0, 0, 0, 0, 0, 0, 0, 0, 0, 0, 0, 0, 0, 0, 0, 0, 0, 0, 0, 0, 0, 0, 0, 0, 0, 0, 0, 0, 0, 0, 0, 0, 0, 0, 0, 0, 0, 0]
N18	2	[254, 1486, 4475, 785, 18787, 5, 5202, 681, 224, 997, 413, 50055, 414, 0, 0, 0, 0, 0, 0, 0]	[43726, 224, 18280, 169, 281, 42, 1, 785, 2689, 6433, 1, 30468, 3007, 47, 1, 2685, 42, 14760, 3184, 520, 11673, 522, 47, 1, 1817, 1692, 5, 946, 14972, 8313, 11, 627, 1762, 64, 347, 47177, 349, 5, 8, 2135, 1495, 31931, 22, 1697, 26, 58829, 257, 13511, 8, 11422, 64, 30076, 47, 1, 21893, 5, 3403, 3897, 47, 1, 20883, 5, 8, 39705, 47, 1, 0, 22, 0, 0, 0, 0, 0, 0, 0, 0, 0, 0, 0, 0, 0, 0, 0, 0, 0, 0, 0, 0, 0, 0, 0, 0, 0, 0, 0, 0, 0, 0, 0, 0]
N19	2	[99, 100, 42, 1, 19940, 42, 0, 28771, 3391, 351, 238, 37, 13373, 5, 303, 38489, 34626, 8, 14054, 4878]	[38489, 224, 56, 4705, 42, 9049, 0, 16, 13220, 1100, 1, 2286, 47, 543, 42911, 21, 33, 7829, 10979, 22, 84, 257, 1, 307, 42, 921, 4283, 1574, 5273, 444, 76, 56, 2930, 5238, 42, 357, 22, 38489, 5, 353, 257, 138, 0, 169, 56, 0, 28771, 3391, 351, 5, 514, 6424, 63, 3199, 22, 0, 0, 0, 0, 0, 0, 0, 0, 0, 0, 0, 0, 0, 0, 0, 0, 0, 0, 0, 0, 0, 0, 0, 0, 0, 0, 0, 0, 0, 0, 0, 0, 0, 0, 0, 0, 0, 0, 0, 0, 0, 0, 0, 0, 0]
N20	3	[8528, 24196, 4693, 1069, 0, 23168, 8362, 3074, 5, 1862, 9457, 592, 1228, 784, 1, 5128, 520, 18671, 522, 0]	[281, 42, 1, 379, 8528, 24196, 332, 4113, 1069, 56, 23168, 8362, 3074, 47, 0, 5, 0, 8, 6478, 19252, 3428, 520, 502, 499, 1149, 3420, 522, 257, 74, 13706, 9457, 22, 1, 704, 281, 66, 1292, 11, 1, 683, 1433, 5022, 64, 1839, 1, 1062, 60, 0, 577, 345, 22, 1, 683, 32, 10020, 172, 4498, 42, 8047, 56, 5, 332, 257, 13706, 5, 11, 7390, 0, 8701, 22, 0, 0, 0, 0, 0, 0, 0, 0, 0, 0, 0, 0, 0, 0, 0, 0, 0, 0, 0, 0, 0, 0, 0, 0, 0, 0, 0, 0, 0, 0]
N21	3	[19131, 0, 8, 11554, 0, 3169, 0, 5466, 26, 0, 23110, 4332, 351, 0, 0, 0, 0, 0, 0, 0]	[4315, 28598, 8, 3894, 0, 3169, 5466, 8, 0, 5466, 47, 0, 5, 14575, 133, 739, 64, 8179, 813, 430, 64, 1, 885, 8, 15596, 42, 9034, 2144, 47, 253, 22, 4315, 32, 18867, 67, 3157, 64, 29008, 1, 6522, 16, 9034, 3169, 7652, 1780, 68177, 0, 64, 5864, 1689, 5, 2097, 169, 0, 11755, 2205, 42, 1, 2118, 6462, 8, 2689, 5, 47, 862, 8, 3392, 253, 22, 0, 0, 0, 0, 0, 0, 0, 0, 0, 0, 0, 0, 0, 0, 0, 0, 0, 0, 0, 0, 0, 0, 0, 0, 0, 0, 0, 0, 0, 0, 0]
N22	3	[1, 174, 784, 1, 3307, 42, 7879, 1105, 0, 238, 2455, 13237, 0, 84, 0, 4223, 56, 2276, 4170, 5]	[2455, 4359, 7023, 3640, 1894, 379, 4852, 10894, 42, 56, 3193, 493, 67, 2262, 37, 1, 11149, 11150, 3157, 382, 8, 56, 13237, 37, 1, 2452, 13237, 44, 3074, 22, 1, 209, 3193, 563, 1113, 55, 379, 3203, 5, 37, 1, 17555, 64, 1, 63, 174, 5, 201, 1105, 0, 8744, 55, 1, 738, 42, 1, 3157, 64, 1, 0, 51727, 683, 355, 22, 7879, 1105, 66, 6307, 117, 2609, 42, 4987, 50768, 5, 8156, 16, 1, 4101, 42, 1, 3986, 64, 1, 683, 66, 132, 1, 12060, 42, 1, 2297, 42, 2118, 4779, 22, 0, 0, 0, 0, 0]
N23	3	[14044, 3498, 6499, 351, 13961, 5669, 238, 460, 34, 2947, 84, 5, 1324, 324, 392, 0, 0, 0, 0, 0]	[5669, 5, 1, 266, 6499, 5, 1, 14044, 3498, 6499, 351, 5, 13961, 22, 84, 224, 179, 64, 121, 56, 895, 17123, 26, 56, 0, 8, 56, 3498, 6499, 64, 5648, 60, 1, 635, 603, 22, 103, 64, 1, 4667, 15823, 5383, 6714, 5, 60, 0, 659, 5, 1, 6499, 514, 5648, 0, 8, 7573, 117, 4302, 22, 1, 63, 0, 224, 9767, 26, 6738, 2433, 5, 44474, 5, 1324, 324, 392, 22, 0, 0, 0, 0, 0, 0, 0, 0, 0, 0, 0, 0, 0, 0, 0, 0, 0, 0, 0, 0, 0, 0, 0, 0, 0, 0, 0]
N24	3	[377, 14575, 177, 4824, 7990, 42, 254, 0, 47, 0, 238, 2125, 3037, 25320, 377, 381, 8679, 2415, 381, 381]	[1, 14575, 1388, 3449, 257, 1427, 7003, 0, 5, 0, 169, 1, 2855, 26, 1, 7990, 42, 56, 254, 9807, 31011, 1773, 7141, 520, 6196, 4181, 0, 522, 2125, 3037, 47, 0, 0, 2207, 5, 2208, 105, 842, 230, 22661, 64, 5368, 67, 8679, 2415, 22, 1, 3531, 0, 31011, 22, 7141, 514, 121, 2811, 11, 30348, 22, 0, 0, 0, 0, 0, 0, 0, 0, 0, 0, 0, 0, 0, 0, 0, 0, 0, 0, 0, 0, 0, 0, 0, 0, 0, 0, 0, 0, 0, 0, 0, 0, 0, 0, 0, 0, 0, 0, 0, 0, 0, 0]
N25	3	[680, 9364, 0, 3354, 351, 42, 800, 10491, 21, 7762, 0, 0, 0, 0, 0, 0, 0, 0, 0, 0]	[377, 1, 5716, 680, 3759, 3074, 42, 1, 5716, 680, 179, 5, 377, 381, 84, 224, 838, 64, 575, 117, 1, 12644, 42, 1, 7977, 42, 1, 2304, 2734, 5, 381, 381, 8, 2266, 304, 8298, 64, 1, 2118, 6462, 16, 84, 111, 121, 7596, 9597, 26, 1, 43737, 10491, 21, 7762, 351, 9725, 11, 1, 3449, 8, 1, 6961, 1580, 22, 8110, 34947, 0, 3559, 56, 13963, 9566, 64, 1, 5988, 18045, 22, 381, 0, 0, 0, 0, 0, 0, 0, 0, 0, 0, 0, 0, 0, 0, 0, 0, 0, 0, 0, 0, 0, 0, 0, 0, 0]
N26	3	[2552, 0, 3186, 0, 26, 4984, 42, 0, 84, 44, 545, 64, 121, 15086, 11, 1, 2470, 42, 63, 3199]	[209, 159, 0, 5, 0, 22, 3089, 159, 0, 3091, 0, 22, 0, 1349, 159, 3894, 0, 197, 351, 8, 1008, 56, 3645, 22, 33378, 64, 0, 206, 117, 59522, 8, 10362, 814, 0, 0, 0, 0, 0, 0, 0, 0, 0, 0, 0, 0, 0, 0, 0, 0, 0, 0, 0, 0, 0, 0, 0, 0, 0, 0, 0, 0, 0, 0, 0, 0, 0, 0, 0, 0, 0, 0, 0, 0, 0, 0, 0, 0, 0, 0, 0, 0, 0, 0, 0, 0, 0, 0, 0, 0, 0, 0, 0, 0, 0, 0, 0, 0, 0, 0, 0]
N27	3	[108, 674, 1592, 15, 166, 60, 1, 1169, 42, 1, 0, 683, 3379, 1404, 0, 2255, 2312, 37, 1862, 1]	[56, 683, 3379, 2976, 64, 807, 2304, 37, 67, 2630, 47, 0, 5, 14575, 5, 8, 84, 66, 19969, 16, 905, 166, 674, 60, 1, 1169, 22, 1, 683, 5280, 16, 105, 674, 4327, 42, 1112, 11974, 8, 2831, 56, 685, 117, 5798, 26, 2503, 166, 47, 1, 1580, 22, 1, 0, 683, 3472, 5, 353, 224, 3305, 1, 3986, 5, 301, 117, 1, 32710, 16, 84, 190, 1592, 12391, 166, 332, 674, 76, 1, 683, 3379, 22, 0, 0, 0, 0, 0, 0, 0, 0, 0, 0, 0, 0, 0, 0, 0, 0, 0, 0, 0, 0, 0, 0]
N28	3	[377, 377, 381, 594, 224, 1, 426, 174, 42, 11030, 381, 381, 238, 14575, 0, 1150, 2764, 56, 10388, 42]	[377, 0, 5786, 14575, 0, 1150, 5288, 304, 11030, 117, 1, 32710, 22, 3066, 332, 674, 2568, 64, 1839, 8, 770, 332, 6806, 25674, 1612, 704, 22, 1, 21366, 2205, 10701, 5, 377, 381, 194, 599, 17408, 303, 770, 1595, 47, 1, 60741, 8, 33774, 16, 1545, 1207, 1, 2978, 64, 1229, 1, 1150, 8, 1, 1473, 381, 381, 381, 0, 0, 0, 0, 0, 0, 0, 0, 0, 0, 0, 0, 0, 0, 0, 0, 0, 0, 0, 0, 0, 0, 0, 0, 0, 0, 0, 0, 0, 0, 0, 0, 0, 0, 0, 0, 0, 0, 0, 0]
N29	3	[1, 2768, 42, 328, 4028, 44, 2304, 3638, 784, 230, 29988, 328, 26, 55, 23, 324, 238, 1, 680, 14842]	[784, 1366, 667, 3133, 26, 55, 23, 324, 5, 201, 328, 4028, 168, 5, 328, 2768, 47, 328, 19392, 115, 64, 5198, 3638, 1147, 22, 8047, 56, 257, 230, 138, 12311, 3724, 1476, 1430, 328, 9001, 434, 328, 766, 9026, 324, 4186, 201, 1803, 66, 748, 324, 1614, 8, 9019, 22, 8930, 0, 224, 9771, 1, 3325, 17749, 42, 1, 4790, 0, 0, 1417, 351, 47, 1, 2118, 6462, 22, 0, 0, 0, 0, 0, 0, 0, 0, 0, 0, 0, 0, 0, 0, 0, 0, 0, 0, 0, 0, 0, 0, 0, 0, 0, 0, 0, 0, 0, 0]
N30	4	[37, 6738, 64, 3192, 5, 18619, 42, 37836, 10651, 23309, 349, 3420, 5, 1, 1763, 142, 238, 0, 15798, 7133]	[37, 6738, 64, 3192, 133, 531, 5, 18619, 42, 7969, 37836, 14972, 347, 3574, 1149, 26, 1, 116, 603, 22, 1, 5238, 42, 37836, 18619, 3724, 3192, 42, 133, 531, 66, 0, 3428, 520, 15950, 0, 47522, 349, 522, 84, 4198, 11, 0, 1762, 37, 1, 2040, 9948, 42, 18619, 520, 0, 1149, 3428, 522, 42, 426, 531, 22, 1, 3882, 110, 224, 1, 4924, 42, 0, 22, 0, 0, 0, 0, 0, 0, 0, 0, 0, 0, 0, 0, 0, 0, 0, 0, 0, 0, 0, 0, 0, 0, 0, 0, 0, 0, 0, 0, 0, 0, 0, 0]
N31	4	[377, 8736, 2707, 351, 6814, 11, 7512, 8, 12278, 238, 43997, 355, 377, 381, 4826, 7272, 381, 381, 413, 594]	[377, 594, 224, 8397, 10690, 689, 1, 1062, 5, 8, 108, 514, 121, 1672, 2707, 6814, 11, 2713, 2714, 8, 7224, 47, 251, 4131, 22, 1, 4667, 43997, 3759, 179, 5, 377, 381, 1, 4826, 1186, 237, 11831, 3827, 169, 1672, 43524, 3370, 47, 56, 584, 603, 381, 381, 1, 8017, 5671, 133, 739, 66, 7229, 64, 121, 1776, 64, 265, 8087, 5, 8, 1, 1763, 22751, 5671, 66, 265, 64, 1455, 8087, 22, 381, 0, 0, 0, 0, 0, 0, 0, 0, 0, 0, 0, 0, 0, 0, 0, 0, 0, 0, 0, 0, 0, 0, 0, 0, 0]
N32	4	[270, 0, 56, 3835, 13154, 1132, 238, 9155, 2297, 53470, 0, 8, 3186, 4756, 0, 44, 0, 351, 0, 0]	[1817, 9155, 2297, 42, 8213, 5, 2721, 8, 8131, 53470, 0, 9526, 56, 1525, 42, 1, 4870, 42, 14692, 42, 1, 219, 4667, 3185, 1143, 60, 1, 0, 1971, 117, 1, 32710, 5, 8, 3243, 7295, 26, 1, 5568, 42, 1, 0, 219, 4667, 531, 0, 16, 1316, 1069, 63, 531, 22, 63, 531, 5, 1, 14020, 1494, 514, 121, 8822, 4198, 8, 15, 3815, 514, 121, 1780, 64, 30502, 8528, 2194, 22, 0, 0, 0, 0, 0, 0, 0, 0, 0, 0, 0, 0, 0, 0, 0, 0, 0, 0, 0, 0, 0, 0, 0, 0, 0, 0, 0]
N33	4	[10326, 672, 22, 2677, 0, 351, 64, 3824, 238, 47422, 2706, 2707, 303, 55, 1, 1158, 413, 221, 414, 0]	[10326, 672, 22, 2677, 5, 0, 351, 5, 353, 66, 10258, 64, 1522, 4667, 5, 224, 192, 64, 582, 304, 1747, 2853, 1565, 22, 2706, 2707, 224, 192, 55, 1, 1158, 117, 1, 4117, 7638, 8, 251, 9484, 4131, 22, 460, 1, 10326, 4422, 169, 192, 5, 4667, 514, 230, 121, 3163, 85, 22, 0, 0, 0, 0, 0, 0, 0, 0, 0, 0, 0, 0, 0, 0, 0, 0, 0, 0, 0, 0, 0, 0, 0, 0, 0, 0, 0, 0, 0, 0, 0, 0, 0, 0, 0, 0, 0, 0, 0, 0, 0, 0, 0, 0, 0, 0]
N34	4	[0, 2784, 37604, 0, 64, 1160, 60, 56, 4987, 47, 62298, 64, 58587, 55, 1, 9279, 0, 0, 0, 0]	[37604, 0, 37604, 514, 1160, 60, 1, 1311, 4135, 42, 1, 4987, 236, 1, 9279, 64, 121, 1143, 60, 1, 3410, 2879, 47, 0, 5, 62298, 117, 1, 10011, 42, 63, 3199, 22, 1, 13950, 3106, 8283, 23888, 37604, 0, 5, 8, 1, 27618, 12079, 84, 22, 398, 224, 994, 169, 56, 24003, 3106, 22, 0, 0, 0, 0, 0, 0, 0, 0, 0, 0, 0, 0, 0, 0, 0, 0, 0, 0, 0, 0, 0, 0, 0, 0, 0, 0, 0, 0, 0, 0, 0, 0, 0, 0, 0, 0, 0, 0, 0, 0, 0, 0, 0, 0, 0]
N35	4	[2706, 2707, 47, 0, 8, 15865, 594, 8, 13373, 238, 926, 5671, 329, 1455, 8087, 0, 0, 0, 0, 0]	[108, 514, 121, 459, 840, 108, 514, 121, 109, 1672, 2707, 42, 1455, 64, 2813, 45673, 2505, 4992, 76, 5301, 8, 12278, 47, 1, 0, 7638, 8, 15865, 2203, 594, 22, 84, 514, 2707, 1455, 64, 0, 47, 1, 4117, 7638, 42, 0, 5, 8, 15, 640, 0, 47, 1740, 459, 22, 1, 9513, 42, 1, 10388, 514, 3827, 169, 4283, 169, 58012, 47, 1, 144, 10388, 47, 1, 4011, 562, 42, 1, 1981, 10388, 22, 0, 0, 0, 0, 0, 0, 0, 0, 0, 0, 0, 0, 0, 0, 0, 0, 0, 0, 0, 0, 0, 0, 0, 0]
N36	4	[0, 5, 0, 5, 15865, 11062, 2707, 238, 14575, 8297, 224, 4769, 0, 0, 0, 0, 0, 0, 0, 0]	[8017, 5671, 133, 739, 66, 7229, 64, 121, 905, 64, 1227, 8087, 5, 8, 1763, 22751, 5671, 7229, 224, 1344, 64, 2433, 8087, 22, 192, 2726, 5671, 26, 335, 6276, 224, 1455, 8087, 47, 14575, 5, 0, 5, 0, 5, 0, 5, 0, 5, 0, 5, 0, 5, 0, 5, 8, 0, 32, 23, 64, 4804, 45673, 42, 2707, 22, 0, 0, 0, 0, 0, 0, 0, 0, 0, 0, 0, 0, 0, 0, 0, 0, 0, 0, 0, 0, 0, 0, 0, 0, 0, 0, 0, 0, 0, 0, 0, 0, 0, 0, 0, 0, 0, 0, 0, 0]
N37	4	[3392, 1552, 5, 6914, 413, 8930, 0, 44, 8190, 594, 414, 0, 0, 0, 0, 0, 0, 0, 0, 0]	[21337, 5, 2950, 324, 1614, 159, 40, 500, 5105, 24285, 22, 12460, 5, 1018, 47, 1575, 159, 84, 44, 56, 40, 174, 22, 12460, 1018, 47, 8803, 159, 3258, 1465, 42, 150, 6066, 22, 21337, 1018, 47, 44860, 159, 3761, 8, 5649, 32, 6327, 22, 1018, 47, 34595, 159, 229, 19, 261, 667, 150, 1032, 3724, 13373, 22, 0, 0, 0, 0, 0, 0, 0, 0, 0, 0, 0, 0, 0, 0, 0, 0, 0, 0, 0, 0, 0, 0, 0, 0, 0, 0, 0, 0, 0, 0, 0, 0, 0, 0, 0, 0, 0, 0, 0, 0, 0, 0]
N38	6	[10763, 0, 17631, 351, 8263, 14775, 0, 47, 0, 823, 9829, 0, 0, 0, 0, 0, 0, 0, 0, 0]	[56, 14775, 0, 1545, 117, 862, 1455, 520, 2638, 603, 522, 47, 0, 5, 47, 5917, 8, 4127, 3595, 40937, 1, 4100, 5449, 22, 1, 0, 14775, 224, 1, 1107, 14775, 47, 3595, 1430, 731, 5, 8, 1, 12195, 1430, 2558, 22, 8528, 299, 6331, 16, 1, 10616, 42, 1, 1565, 224, 41492, 5497, 64, 56, 547, 42, 0, 47, 5917, 3595, 22, 0, 0, 0, 0, 0, 0, 0, 0, 0, 0, 0, 0, 0, 0, 0, 0, 0, 0, 0, 0, 0, 0, 0, 0, 0, 0, 0, 0, 0, 0, 0, 0, 0, 0, 0, 0, 0]
N39	6	[377, 4352, 5, 24574, 12229, 5509, 8, 8223, 5, 377, 381, 672, 281, 237, 10750, 1, 566, 2078, 381, 381]	[377, 368, 400, 486, 4352, 179, 117, 1, 27723, 520, 2638, 603, 522, 502, 1, 10138, 5509, 8, 8704, 0, 5, 8422, 5, 377, 381, 672, 281, 514, 121, 122, 64, 10750, 1, 7133, 42, 1, 566, 2078, 1343, 771, 381, 381, 400, 4352, 179, 60, 1, 2261, 867, 16, 174, 5, 377, 381, 2090, 1277, 5, 1288, 68135, 5, 2867, 5, 8, 6057, 4641, 32, 1403, 1801, 1646, 16, 194, 167, 240, 1210, 236, 381, 381, 381, 0, 0, 0, 0, 0, 0, 0, 0, 0, 0, 0, 0, 0, 0, 0, 0, 0, 0, 0, 0, 0, 0]
N40	6	[377, 10326, 0, 5, 353, 2236, 456, 47, 1, 903, 904, 238, 377, 381, 3835, 18105, 1148, 381, 381, 381]	[1784, 8560, 18738, 64, 56, 3827, 47, 10388, 1982, 4549, 2004, 28109, 5497, 64, 1, 13615, 42, 51561, 297, 11, 10328, 191, 1672, 2714, 22, 169, 56, 1688, 5, 1242, 9513, 32, 9000, 8, 1242, 17227, 42, 10388, 1186, 32, 5481, 9484, 22, 133, 280, 1128, 64, 6946, 1269, 5, 76, 9513, 1672, 1869, 64, 0, 4131, 1391, 6622, 8, 26872, 5531, 22, 0, 0, 0, 0, 0, 0, 0, 0, 0, 0, 0, 0, 0, 0, 0, 0, 0, 0, 0, 0, 0, 0, 0, 0, 0, 0, 0, 0, 0, 0, 0, 0, 0, 0, 0, 0, 0]
N41	6	[587, 5438, 1452, 1616, 37, 8930, 32866, 8, 12204, 238, 0, 928, 47, 1890, 0, 24530, 389, 17492, 0, 0]	[1, 587, 1780, 67, 22072, 1505, 27615, 42, 232, 13371, 1, 8362, 42, 1452, 1616, 493, 1, 2059, 42, 1890, 4667, 8, 7201, 22, 1890, 0, 24530, 389, 224, 56, 1397, 42, 565, 2533, 2185, 24028, 5, 107, 90, 1890, 4667, 44, 31087, 23198, 0, 5, 108, 32, 405, 17750, 1927, 42, 15724, 4163, 16, 7201, 224, 56, 10512, 2395, 42, 1, 2533, 2185, 22, 0, 0, 0, 0, 0, 0, 0, 0, 0, 0, 0, 0, 0, 0, 0, 0, 0, 0, 0, 0, 0, 0, 0, 0, 0, 0, 0, 0, 0, 0, 0, 0, 0, 0, 0]
N42	6	[56, 4632, 1383, 6287, 47, 1, 0, 14460, 238, 0, 4282, 111, 1618, 0, 0, 0, 0, 0, 0, 0]	[60, 1, 0, 641, 324, 7348, 42, 1, 591, 0, 5400, 0, 92, 1143, 60, 1, 0, 0, 892, 47, 5498, 5, 4282, 5, 56, 0, 3431, 12007, 1780, 71, 42, 379, 38830, 15693, 1, 7646, 42, 1, 603, 66, 10039, 64, 1, 1505, 26, 1, 116, 603, 22, 60, 1, 1367, 42, 1, 116, 3974, 42, 133, 14460, 5, 353, 66, 1894, 11, 0, 0, 5, 56, 2552, 28954, 42, 746, 60, 0, 5786, 5, 1, 1169, 42, 1, 9317, 42, 29037, 224, 25514, 24539, 22, 0, 0, 0, 0, 0, 0, 0, 0, 0, 0, 0, 0, 0]
N43	6	[2323, 1894, 56, 405, 3203, 236, 0, 44, 2304, 238, 10161, 0, 8118, 42, 47822, 1190, 0, 413, 1354, 2323]	[26263, 0, 5, 1774, 42, 1, 10586, 1609, 5, 56, 3168, 0, 300, 5, 168, 47, 56, 4410, 1404, 22, 56, 2323, 66, 1894, 7215, 1, 1190, 42, 67, 47822, 3203, 236, 807, 2304, 22, 0, 44, 10586, 2444, 7507, 26, 7201, 47, 1, 50, 47, 49, 5, 107, 1398, 67, 50565, 132, 1, 3168, 19581, 42, 4779, 47, 1214, 6266, 22, 0, 0, 0, 0, 0, 0, 0, 0, 0, 0, 0, 0, 0, 0, 0, 0, 0, 0, 0, 0, 0, 0, 0, 0, 0, 0, 0, 0, 0, 0, 0, 0, 0, 0, 0, 0, 0, 0]
N44	6	[377, 43726, 377, 381, 368, 3759, 14534, 11673, 18787, 18619, 64, 1, 2470, 1891, 381, 381, 381, 0, 0, 0]	[377, 43726, 44, 14991, 23025, 10599, 2444, 520, 60531, 522, 224, 56, 785, 4726, 47, 2859, 56, 1242, 6500, 5835, 520, 0, 522, 26, 0, 11673, 2097, 169, 0, 22, 43726, 15697, 133, 95, 47, 304, 1817, 1692, 5843, 197, 11913, 64, 1, 5466, 8, 8362, 3735, 520, 11571, 522, 43726, 179, 5, 377, 381, 169, 56, 1688, 5, 84, 257, 5966, 9295, 1336, 64, 3824, 16, 32, 230, 6242, 64, 14180, 15081, 381, 381, 381, 0, 0, 0, 0, 0, 0, 0, 0, 0, 0, 0, 0, 0, 0, 0, 0, 0, 0, 0, 0, 0, 0, 0, 0]
N45	6	[377, 7201, 44, 116, 1969, 18318, 1018, 238, 377, 381, 738, 42, 0, 8701, 381, 381, 381, 0, 0, 0]	[7201, 44, 116, 1969, 18318, 9874, 257, 138, 1018, 60, 1, 21750, 15716, 22, 1, 2114, 18318, 66, 1018, 493, 0, 351, 520, 762, 522, 8, 0, 351, 520, 3004, 522, 36155, 3302, 5992, 26, 9103, 60, 1, 427, 42, 1592, 64, 499, 5, 107, 35144, 8, 0, 3615, 4684, 64, 3801, 60, 1, 4632, 427, 42, 2001, 8, 658, 22, 0, 0, 0, 0, 0, 0, 0, 0, 0, 0, 0, 0, 0, 0, 0, 0, 0, 0, 0, 0, 0, 0, 0, 0, 0, 0, 0, 0, 0, 0, 0, 0, 0, 0, 0, 0, 0, 0, 0]
N46	6	[22618, 587, 10027, 672, 22, 1552, 5, 33357, 26, 1455, 7268, 1207, 7076, 5, 427, 1590, 779, 47, 3652, 0]	[3625, 6461, 10986, 3195, 13852, 8739, 520, 18674, 522, 588, 15641, 26, 502, 1455, 7268, 1207, 56, 449, 5228, 1143, 47, 34616, 5, 4673, 5, 56, 26137, 117, 1, 27723, 520, 2638, 603, 522, 5, 8, 3205, 1717, 22, 8739, 66, 6504, 26, 56, 1318, 784, 583, 60, 56, 6430, 28541, 2585, 60, 56, 1971, 47, 376, 5, 7413, 5, 47, 5423, 22, 10027, 5549, 13948, 520, 9321, 522, 66, 12582, 784, 92, 12496, 76, 32507, 47, 2421, 8, 66, 5579, 64, 262, 26, 502, 160, 561, 22, 0, 0, 0, 0, 0, 0, 0, 0, 0, 0, 0, 0]
N47	5	[169, 291, 169, 309, 19797, 5233, 2503, 238, 490, 5492, 10136, 209, 541, 117, 141, 14935, 0, 0, 0, 0]	[29108, 11, 490, 2585, 351, 64, 121, 1143, 47, 254, 1013, 5, 6799, 117, 141, 592, 60, 0, 520, 2638, 603, 522, 1, 2585, 514, 121, 2410, 20, 323, 10362, 8, 1, 490, 268, 1706, 22, 490, 44, 3897, 64, 121, 1894, 133, 603, 32, 1, 0, 209, 1592, 351, 547, 5, 1, 936, 970, 0, 970, 351, 8, 0, 14841, 56, 547, 351, 1, 10136, 209, 1592, 547, 224, 15234, 76, 490, 44, 0, 68749, 4300, 22, 84, 224, 64418, 16, 1681, 257, 8821, 22, 0, 0, 0, 0, 0, 0, 0, 0, 0, 0, 0, 0, 0, 0]
N48	5	[84, 44, 3644, 64, 241, 169, 875, 169, 34, 551, 238, 6283, 42, 0, 4160, 7186, 11030, 0, 47, 4667]	[56, 7969, 5383, 382, 257, 4253, 56, 3410, 2366, 64, 2859, 56, 0, 4160, 7186, 11030, 0, 16, 237, 557, 272, 21, 553, 564, 8, 836, 230, 3292, 1, 0, 17123, 22, 1, 3969, 42, 19627, 8, 1022, 8730, 47, 1, 3761, 32, 11352, 11, 1, 0, 42, 1, 3113, 5, 107, 1, 4318, 37864, 42, 28, 3338, 564, 257, 230, 138, 1151, 22, 0, 0, 0, 0, 0, 0, 0, 0, 0, 0, 0, 0, 0, 0, 0, 0, 0, 0, 0, 0, 0, 0, 0, 0, 0, 0, 0, 0, 0, 0, 0, 0, 0, 0, 0, 0]
N49	5	[1455, 349, 3420, 3813, 26, 186, 324, 26, 0, 2930, 6615, 0, 0, 0, 0, 0, 0, 0, 0, 0]	[0, 12819, 117, 67984, 8701, 8, 3813, 26, 3243, 6277, 76, 2930, 6615, 22, 0, 514, 817, 56, 5134, 42, 1455, 349, 3420, 26, 2567, 324, 3724, 44193, 22, 133, 224, 562, 42, 1, 3567, 349, 3420, 23265, 6277, 567, 3813, 301, 11, 0, 47, 6933, 426, 531, 22, 0, 0, 0, 0, 0, 0, 0, 0, 0, 0, 0, 0, 0, 0, 0, 0, 0, 0, 0, 0, 0, 0, 0, 0, 0, 0, 0, 0, 0, 0, 0, 0, 0, 0, 0, 0, 0, 0, 0, 0, 0, 0, 0, 0, 0, 0, 0, 0, 0, 0, 0]
N50	5	[43728, 0, 5, 490, 12724, 8, 0, 0, 11673, 0, 21779, 0, 0, 0, 0, 0, 0, 0, 0, 0]	[377, 43728, 0, 7833, 30148, 0, 1143, 56, 184, 4396, 1525, 76, 490, 12724, 7833, 4453, 42010, 60, 1, 490, 12724, 63, 6914, 5228, 1143, 47, 1327, 1328, 5, 455, 5, 117, 1, 18304, 520, 2638, 603, 522, 1, 379, 2689, 6272, 1362, 64, 21935, 47, 0, 11673, 8, 490, 12724, 3399, 22, 43728, 0, 66, 7003, 169, 1, 7340, 47, 379, 18858, 60, 1, 377, 381, 490, 12724, 3607, 6372, 6914, 381, 381, 381, 0, 0, 0, 0, 0, 0, 0, 0, 0, 0, 0, 0, 0, 0, 0, 0, 0, 0, 0, 0, 0, 0, 0, 0, 0]
N51	5	[0, 37926, 3185, 0, 169, 56, 1688, 42, 1594, 11, 592, 6196, 5383, 38323, 5, 108, 224, 672, 0, 0]	[1, 4667, 0, 8, 926, 5671, 7175, 0, 37926, 3185, 224, 31946, 1, 23250, 42, 1, 0, 0, 0, 351, 2570, 64, 167, 138, 1780, 11, 1, 23470, 1022, 5383, 6714, 22, 2960, 6196, 5383, 38323, 167, 1780, 56, 30660, 9350, 42, 1, 0, 13280, 22, 474, 5, 1594, 738, 16, 3436, 0, 45785, 93, 230, 2333, 606, 22, 0, 0, 0, 0, 0, 0, 0, 0, 0, 0, 0, 0, 0, 0, 0, 0, 0, 0, 0, 0, 0, 0, 0, 0, 0, 0, 0, 0, 0, 0, 0, 0, 0, 0, 0, 0, 0, 0, 0, 0, 0]
N52	5	[79, 970, 1475, 67425, 8, 18671, 16344, 76, 281, 5456, 1197, 238, 0, 5, 0, 2251, 12218, 351, 0, 0]	[43728, 0, 301, 117, 1, 32710, 16, 84, 514, 5256, 56, 0, 4101, 12218, 351, 5456, 1197, 16, 6811, 34, 64, 970, 2660, 5077, 2939, 50210, 520, 2323, 117, 1697, 522, 76, 281, 5456, 1197, 22, 133, 5456, 1197, 224, 56, 12221, 16, 6811, 5358, 64, 2497, 27853, 5578, 42, 5077, 2939, 37, 335, 25047, 2097, 169, 0, 5, 0, 5, 0, 5, 0, 5, 341, 0, 5, 3645, 56, 5, 8, 0, 22, 0, 0, 0, 0, 0, 0, 0, 0, 0, 0, 0, 0, 0, 0, 0, 0, 0, 0, 0, 0, 0, 0, 0, 0, 0, 0]
N53	5	[377, 6196, 0, 1493, 16, 1465, 1071, 0, 25739, 351, 238, 460, 34, 1040, 56, 12369, 268, 5, 377, 381]	[0, 451, 8, 59522, 0, 1197, 64, 27276, 15970, 0, 1493, 12369, 1286, 22, 11, 3605, 12391, 2691, 64, 24327, 5, 1, 31552, 21559, 237, 121, 12066, 22, 11, 20418, 0, 20235, 64, 1, 1505, 5, 194, 237, 2063, 0, 64, 2994, 2660, 22, 24561, 26, 1493, 1908, 117, 59522, 8, 0, 29803, 192, 64, 2036, 10144, 22, 0, 0, 0, 0, 0, 0, 0, 0, 0, 0, 0, 0, 0, 0, 0, 0, 0, 0, 0, 0, 0, 0, 0, 0, 0, 0, 0, 0, 0, 0, 0, 0, 0, 0, 0, 0, 0, 0, 0, 0, 0, 0]
N54	5	[0, 479, 480, 5, 3602, 357, 1364, 599, 121, 3243, 0, 2255, 0, 16495, 16164, 11671, 1120, 2881, 0, 0]	[1, 1261, 13404, 13315, 56, 5496, 47, 6266, 15376, 5263, 11721, 37, 2689, 30898, 1242, 17227, 42, 1396, 22, 479, 480, 2689, 16, 5767, 26, 1, 7573, 649, 42, 1, 3602, 111, 13686, 8755, 1, 2094, 42, 5263, 1364, 26, 3602, 1633, 8, 10820, 5, 1, 1261, 16495, 16164, 11671, 520, 0, 522, 179, 22, 0, 0, 0, 0, 0, 0, 0, 0, 0, 0, 0, 0, 0, 0, 0, 0, 0, 0, 0, 0, 0, 0, 0, 0, 0, 0, 0, 0, 0, 0, 0, 0, 0, 0, 0, 0, 0, 0, 0, 0, 0, 0, 0, 0, 0]
